post_id,subreddit,title,author,score,num_comments_listed,op_replied,op_reply_count,created_utc,permalink,body,combined_text,bin01_comment,bin02_comment
1hv4zdy,meToo,Was this SA?,Ok-Sugar959,5.0,7.0,True,3,1736185759.0,/r/meToo/comments/1hv4zdy/was_this_sa/,"So l've been in a relationship with a girl who has bpd. We had alot of ups and downs but one of them took place when we were having sex. I've never went raw and came inside a woman before, so the sex was great for both of us. Nearing the end I was getting close to climaxing and I heard once my girlfriend say, ""I need to go pee."" I said, I'm almost there hold on, and then 30 secs later I finished.
After the fact she went to the bathroom and came back and she was looking sad, so I asked what was wrong, and she said I had just SA'd her. Since I didn't know and she was saying u did that I was devastated because I thought we were just having sex and what u did was normal. After she said that she understands that I wasn't aware and she forgives me and for me not to do it again. Let me preface that in my position I only heard her say that once, my girlfriend said many months after that she said she said that multiple times, in which I didn't remember because I clearly remember her saying it once, but because of her bpd and chances of splitting and constant fights cause because it was one of our memories was right, I started doubting my own memory and just went with what she said.

The thing is that we moved on from it and had great times as a couple. It's only after I broke up with her she found the need to tell a couple of my friends that I SA'd her during the relationship causing me to lose one really close friend. The other two said they understood that it wasn't on purpose and stayed friends with me. After the fact she said that to my friends I wanted to ask her about an experience that she did to me. After her bringing it back up, it made me think about a time before I did that to her. When I realized she did that to me first. I asked my ex girlfriend now ""Can you answer honestly? I'm not trying to say this just because you are saying this to my friends but, that time when you steadied me and was trying to put my dick raw inside and I was saying no and pulled away, and you kept trying to persuade me to go raw, and I gave in and did it for 1 minute, was that SA?"" Mind you this was before the first event I mentioned. She said ""No it isn't, that's just something couples do, I'm sorry if I made you uncomfortable though.

I beat myself up alot over this, and some friends are telling me that my girlfriend SA'd me and I didn't.
They told me She was coercing me and tried forcing me in her which is SA. But I still think I did because I didn't listen the first time. I need clarity, and if what she did to me first was SA, and if what I did to her was SA.

","1hv4zdy meToo Was this SA? Ok-Sugar959 /r/meToo/comments/1hv4zdy/was_this_sa/ So l've been in a relationship with a girl who has bpd. We had alot of ups and downs but one of them took place when we were having sex. I've never went raw and came inside a woman before, so the sex was great for both of us. Nearing the end I was getting close to climaxing and I heard once my girlfriend say, ""I need to go pee."" I said, I'm almost there hold on, and then 30 secs later I finished.
After the fact she went to the bathroom and came back and she was looking sad, so I asked what was wrong, and she said I had just SA'd her. Since I didn't know and she was saying u did that I was devastated because I thought we were just having sex and what u did was normal. After she said that she understands that I wasn't aware and she forgives me and for me not to do it again. Let me preface that in my position I only heard her say that once, my girlfriend said many months after that she said she said that multiple times, in which I didn't remember because I clearly remember her saying it once, but because of her bpd and chances of splitting and constant fights cause because it was one of our memories was right, I started doubting my own memory and just went with what she said.

The thing is that we moved on from it and had great times as a couple. It's only after I broke up with her she found the need to tell a couple of my friends that I SA'd her during the relationship causing me to lose one really close friend. The other two said they understood that it wasn't on purpose and stayed friends with me. After the fact she said that to my friends I wanted to ask her about an experience that she did to me. After her bringing it back up, it made me think about a time before I did that to her. When I realized she did that to me first. I asked my ex girlfriend now ""Can you answer honestly? I'm not trying to say this just because you are saying this to my friends but, that time when you steadied me and was trying to put my dick raw inside and I was saying no and pulled away, and you kept trying to persuade me to go raw, and I gave in and did it for 1 minute, was that SA?"" Mind you this was before the first event I mentioned. She said ""No it isn't, that's just something couples do, I'm sorry if I made you uncomfortable though.

I beat myself up alot over this, and some friends are telling me that my girlfriend SA'd me and I didn't.
They told me She was coercing me and tried forcing me in her which is SA. But I still think I did because I didn't listen the first time. I need clarity, and if what she did to me first was SA, and if what I did to her was SA.

","[2, 2.5) | score=2 | As a woman who has been SA’d multiple times, I sympathize with the situation but no, you did not SA her.   You guys were enjoying sex, she didn’t say no, she let you finish but had to pee. She didn’t say stop after you asked for a few more seconds to climax. I do understand how BPD can affect how she experiences situations - I wouldn’t necessarily...","[2.5, 3) | score=3 | Both SA.  P.S. Keep away with crazy people. It will rub on you."
1f2kibx,meToo,Dealing with sexual assault trauma / was it SA?,Ok-Air-6389,6.0,3.0,True,1,1724773946.0,/r/meToo/comments/1f2kibx/dealing_with_sexual_assault_trauma_was_it_sa/,"I went through a break up recently with my ex - we were together for 14 years.

Recently I’ve realised I’ve suppressed what I think was systematic sexual assault from the first two years of our relationship, age 16-18. I always thought it was normal to be treated this way but now I’m going through the hard process of realising that it was not normal / acceptable, and he was abusive.

The first thing was he wanted me to take my top off and show him my breasts but I didn’t want to. I pleaded for him to not make me, and asked why he was making me do this. He had a huge tantrum until I eventually did it - and I cried immediately after.

Then he used to put his hand down the waistband of my trousers in public. I asked him not to as it made me and others uncomfortable. He said ok, but then the next day he literally did it again - and I was too scared to say anything again.

He would bring me to the attic (sometimes his bedroom) and touch my bum and finger me. I said to him that he could touch my bum but not go further - but he did. It made me so sad and I felt dirty / wrong.

This continued but “what” he did got more extreme. He started doing oral sex over my underwear which I hated and I’d freeze up. When he did it, I said don’t go under my underwear. Inevitably one time he did, and that just continued. This was the worst and I have more bad flashbacks of - I’d be frozen and he’d hold my legs up and do things. Or drag me to the end of the bed and do it. I was always silent and just looking away trying to imagine it wasn’t happening.

The times I’d strongly tell him no he would have a tantrum and get angry. One time I said I didn’t want to do anything very strongly and he kicked me at the end of the bed like five times.

Side note: in our whole relationship he’s kicked me one other time, and then in another incident, he hit me and threw three things at me in a row.

I’d tell him all the time I was scared and anxious, using the reason I didn’t want to do things was because his parents were in the house. He’d do things anyway and I’d be so stressed. I’d tell him don’t take my clothes off, and he would. I’d ask him could I at least keep my shirt around my shoulders , and he would get angry at that.

If his parents called us to dinner I’d leap up to leave as soon as I could - again he would get angry that I was “worrying so much about them / everyone else”

One time in Spain (age 18), I had made it clear I didn’t want to do anything as we were sharing a small apartment with his family. He tried to pull my swimsuit off at some point and doing something to me (I think I’ve blanked a lot of this) - I did get up and strongly say no. He had a tantrum, and I left. Later I thought surely he would apologise to me for that - and he didn’t. Again he made me feel bad that I didn’t want to do anything.

One time I said I was going to sleep, and he continued to press himself into me and touch me. I got really upset and he did stop, but no apology. This was also at my house, where we did a lot less - and we rarely came to mine.

He never asked me if anything was okay or if anything hurt. A few clear times I remember saying do not do this, and he would. A lot of other times I’d just freeze and let him do whatever…. When I would say no or get upset, he would have tantrums and make me feel as if I was a bad girlfriend for not wanting to do this for him / I was making him feel bad for wanting to do these things to me.

When we started university, I changed my approach to things sex-wise, and I started being more proactive so I could avoid the things I really hated. Looking back I think this was a survival technique. And I totally suppressed the first two years of stuff going onwards. He’d still have tantrums and things, but I think I learned how to manage them more.

Then about five years later, I discovered he had secretly taken nude screenshots of me from any sort of sexy video calls we had done together. I had always made it so clear I didn’t want nude images of me to exist. I found them in a secret folder on his computer and confronted him really upset. He said would I rather him look at porn? And that most girlfriends send nude photos so it’s my problem I have an issue with it.

The rest of our relationship, even though I began to be much more proactive to get sex over with, I’d still randomly freeze up and stop sex mid way through. My ex would be confused why - and cos I had suppressed the first two years, I didn’t really understand why either. Sex always hurt and was something to get over. It was also always finished (except from maybe the last few years) when he came. But I also wanted it to be, like if I could do what he liked to finish quicker then it was over with.

There are lots of other instances of things from age 16-18, eg telling him I was anxious about doing things in public on a walk, but he fingered me anyway. Telling him I didn’t want him to do anything in the back of a car, and again he’d finger me anyway. The first time we had dry sex I said I didn’t want to do that again, and next day he pulled me onto him and we did it again. Even though later it got “better” in the relationship, he’d still complain I didn’t want to do certain sexual things. Complain he’d never get to be with a girl who knows what she’s doing. Complain I wasn’t sexy or confident enough…. I kind of learned eventually one specific thing he liked and would do that all the time. To get it over quickly but it also gave me validation - I could at least do that one thing well. Even if I wasn’t turned on or anything at all.

I should add there was a layer of complexity cos he was a Christian and claimed never to have done anything sexual at all. He was (and is) a super liked person and I always felt so lucky to be with him because he was so good at things, popular, a “good guy” etc.

FYI I’ve begun a new relationship recently where he’s extremely communicative with sex, he respects my boundaries and reminds me that consent has to be enthusiastic. Being with him helped me realise what my ex did to me was not normal…

I still feel doubt at times though. Was this sexual assault? Was this normal or not? Giving my ex the benefit of the doubt… I’m dealing with a lot of doubt and processing a lot, getting some horrible flashbacks. I think I did disassociate a lot through those first 2 years…. Calling it sexual assault is really hard for me too. I don’t know if these instances of things have happened constitute sexual assault, or rape, or what… :(

Thank you for reading if you’ve got this far.","1f2kibx meToo Dealing with sexual assault trauma / was it SA? Ok-Air-6389 /r/meToo/comments/1f2kibx/dealing_with_sexual_assault_trauma_was_it_sa/ I went through a break up recently with my ex - we were together for 14 years.

Recently I’ve realised I’ve suppressed what I think was systematic sexual assault from the first two years of our relationship, age 16-18. I always thought it was normal to be treated this way but now I’m going through the hard process of realising that it was not normal / acceptable, and he was abusive.

The first thing was he wanted me to take my top off and show him my breasts but I didn’t want to. I pleaded for him to not make me, and asked why he was making me do this. He had a huge tantrum until I eventually did it - and I cried immediately after.

Then he used to put his hand down the waistband of my trousers in public. I asked him not to as it made me and others uncomfortable. He said ok, but then the next day he literally did it again - and I was too scared to say anything again.

He would bring me to the attic (sometimes his bedroom) and touch my bum and finger me. I said to him that he could touch my bum but not go further - but he did. It made me so sad and I felt dirty / wrong.

This continued but “what” he did got more extreme. He started doing oral sex over my underwear which I hated and I’d freeze up. When he did it, I said don’t go under my underwear. Inevitably one time he did, and that just continued. This was the worst and I have more bad flashbacks of - I’d be frozen and he’d hold my legs up and do things. Or drag me to the end of the bed and do it. I was always silent and just looking away trying to imagine it wasn’t happening.

The times I’d strongly tell him no he would have a tantrum and get angry. One time I said I didn’t want to do anything very strongly and he kicked me at the end of the bed like five times.

Side note: in our whole relationship he’s kicked me one other time, and then in another incident, he hit me and threw three things at me in a row.

I’d tell him all the time I was scared and anxious, using the reason I didn’t want to do things was because his parents were in the house. He’d do things anyway and I’d be so stressed. I’d tell him don’t take my clothes off, and he would. I’d ask him could I at least keep my shirt around my shoulders , and he would get angry at that.

If his parents called us to dinner I’d leap up to leave as soon as I could - again he would get angry that I was “worrying so much about them / everyone else”

One time in Spain (age 18), I had made it clear I didn’t want to do anything as we were sharing a small apartment with his family. He tried to pull my swimsuit off at some point and doing something to me (I think I’ve blanked a lot of this) - I did get up and strongly say no. He had a tantrum, and I left. Later I thought surely he would apologise to me for that - and he didn’t. Again he made me feel bad that I didn’t want to do anything.

One time I said I was going to sleep, and he continued to press himself into me and touch me. I got really upset and he did stop, but no apology. This was also at my house, where we did a lot less - and we rarely came to mine.

He never asked me if anything was okay or if anything hurt. A few clear times I remember saying do not do this, and he would. A lot of other times I’d just freeze and let him do whatever…. When I would say no or get upset, he would have tantrums and make me feel as if I was a bad girlfriend for not wanting to do this for him / I was making him feel bad for wanting to do these things to me.

When we started university, I changed my approach to things sex-wise, and I started being more proactive so I could avoid the things I really hated. Looking back I think this was a survival technique. And I totally suppressed the first two years of stuff going onwards. He’d still have tantrums and things, but I think I learned how to manage them more.

Then about five years later, I discovered he had secretly taken nude screenshots of me from any sort of sexy video calls we had done together. I had always made it so clear I didn’t want nude images of me to exist. I found them in a secret folder on his computer and confronted him really upset. He said would I rather him look at porn? And that most girlfriends send nude photos so it’s my problem I have an issue with it.

The rest of our relationship, even though I began to be much more proactive to get sex over with, I’d still randomly freeze up and stop sex mid way through. My ex would be confused why - and cos I had suppressed the first two years, I didn’t really understand why either. Sex always hurt and was something to get over. It was also always finished (except from maybe the last few years) when he came. But I also wanted it to be, like if I could do what he liked to finish quicker then it was over with.

There are lots of other instances of things from age 16-18, eg telling him I was anxious about doing things in public on a walk, but he fingered me anyway. Telling him I didn’t want him to do anything in the back of a car, and again he’d finger me anyway. The first time we had dry sex I said I didn’t want to do that again, and next day he pulled me onto him and we did it again. Even though later it got “better” in the relationship, he’d still complain I didn’t want to do certain sexual things. Complain he’d never get to be with a girl who knows what she’s doing. Complain I wasn’t sexy or confident enough…. I kind of learned eventually one specific thing he liked and would do that all the time. To get it over quickly but it also gave me validation - I could at least do that one thing well. Even if I wasn’t turned on or anything at all.

I should add there was a layer of complexity cos he was a Christian and claimed never to have done anything sexual at all. He was (and is) a super liked person and I always felt so lucky to be with him because he was so good at things, popular, a “good guy” etc.

FYI I’ve begun a new relationship recently where he’s extremely communicative with sex, he respects my boundaries and reminds me that consent has to be enthusiastic. Being with him helped me realise what my ex did to me was not normal…

I still feel doubt at times though. Was this sexual assault? Was this normal or not? Giving my ex the benefit of the doubt… I’m dealing with a lot of doubt and processing a lot, getting some horrible flashbacks. I think I did disassociate a lot through those first 2 years…. Calling it sexual assault is really hard for me too. I don’t know if these instances of things have happened constitute sexual assault, or rape, or what… :(

Thank you for reading if you’ve got this far.","[2, 2) | score=2 | Oh dear, that's a tough series of events to have gone through and I'm very glad you realized at some point and got away from him. As for what it is... no expert on (US i assume) legal things but I think what you're mainly asking about is how to process it emotionally, right?  For my own complex sexual history with a pushy dude I classified some thi...",
1ccnt06,meToo,was this sa,FlimsyImplement4042,3.0,3.0,True,1,1714038058.0,/r/meToo/comments/1ccnt06/was_this_sa/,"was this sa?


when i was 7 or 8 i had my best friend and his sister over for a sleepover, we were doing truth or dare and she was 11 or 12. we got dared to kiss and then she made me go in the closet and kiss her using tongue and some other kind of kisses. i didn’t know what i was doing. is it considered sa or anything? i’m just not sure cuz i’m still young. ","1ccnt06 meToo was this sa FlimsyImplement4042 /r/meToo/comments/1ccnt06/was_this_sa/ was this sa?


when i was 7 or 8 i had my best friend and his sister over for a sleepover, we were doing truth or dare and she was 11 or 12. we got dared to kiss and then she made me go in the closet and kiss her using tongue and some other kind of kisses. i didn’t know what i was doing. is it considered sa or anything? i’m just not sure cuz i’m still young. ","[1, 1) | score=1 | &gt;made me go in the closet  What do you mean by that? Did she really force you or was it more like a group pressure thing? Either way, how you feel about it matters. How old are you now?",
1c09z00,meToo,Was I sexually assaulted by my ex?,[deleted],3.0,1.0,False,0,1712714309.0,/r/meToo/comments/1c09z00/was_i_sexually_assaulted_by_my_ex/,"
About seven months ago, I had been seeing someone for about four months, and we were officially together in a monogamous relationship at this time. I had confided in him about a month before this event that I had had a sexually abusive ex in my past whom I was with for two years. I specifically told him about a time that my ex had tried to enter me with his fingers while I was sleeping, after I had told him no to sex earlier in the night. I made it clear that any sort of sexual contact while I'm sleeping is an absolute no and he insisted he would never. On the night in question, we went to a bar and both got pretty drunk, but he was definitely drunker than I was. That night he tried to engage sexually and I said he was too drunk and denied him. He agreed and we went to sleep. I woke up later that night to feeling him kissing, licking, and touching the intimate area of my bottom (which I had told him before I didn't really like). I froze, to this day I don't know why I didn't tell him I was awake and to stop, but no words came out. I think I was still half asleep, but I did manage to move after a minute and blocked access to the area. We both quickly fell back asleep. The next day I had convinced myself it was a dream, no way he'd do that, but later that day he apologized for being so drunk and described what he did the night before. He said he was ""all up in my ass"". He even sent me a selfie he had taken of me asleep, and him with half his face under my blanket, right at my butt. He laughed it off, and in my shock, I did too. I started feeling like maybe it wasn't a big deal, I was drunk, he was drunk, things happen. I think I went into denial. We stayed together for two more months and broke up for other reasons. Nothing like it ever happened again with him, so I guess I convinced myself it wasn't a big deal. I started dating again recently and have this feeling of dread when following asleep next to someone, and I think I just connected the dots on why. I guess I'm just posting to get this out. I feel like it's been eating me up the last few days and I'm so embarrassed that I stayed after that, so I feel like I can't tell anyone in my real life. I also have a fear that this isn't a big deal and that l'm overreacting due to my past. Was this assault? Or was this just a drunken moment that I took badly because of past traumas? If anyone has any insight, I'd appreciate it. Thanks to those who have read this far!","1c09z00 meToo Was I sexually assaulted by my ex? [deleted] /r/meToo/comments/1c09z00/was_i_sexually_assaulted_by_my_ex/ 
About seven months ago, I had been seeing someone for about four months, and we were officially together in a monogamous relationship at this time. I had confided in him about a month before this event that I had had a sexually abusive ex in my past whom I was with for two years. I specifically told him about a time that my ex had tried to enter me with his fingers while I was sleeping, after I had told him no to sex earlier in the night. I made it clear that any sort of sexual contact while I'm sleeping is an absolute no and he insisted he would never. On the night in question, we went to a bar and both got pretty drunk, but he was definitely drunker than I was. That night he tried to engage sexually and I said he was too drunk and denied him. He agreed and we went to sleep. I woke up later that night to feeling him kissing, licking, and touching the intimate area of my bottom (which I had told him before I didn't really like). I froze, to this day I don't know why I didn't tell him I was awake and to stop, but no words came out. I think I was still half asleep, but I did manage to move after a minute and blocked access to the area. We both quickly fell back asleep. The next day I had convinced myself it was a dream, no way he'd do that, but later that day he apologized for being so drunk and described what he did the night before. He said he was ""all up in my ass"". He even sent me a selfie he had taken of me asleep, and him with half his face under my blanket, right at my butt. He laughed it off, and in my shock, I did too. I started feeling like maybe it wasn't a big deal, I was drunk, he was drunk, things happen. I think I went into denial. We stayed together for two more months and broke up for other reasons. Nothing like it ever happened again with him, so I guess I convinced myself it wasn't a big deal. I started dating again recently and have this feeling of dread when following asleep next to someone, and I think I just connected the dots on why. I guess I'm just posting to get this out. I feel like it's been eating me up the last few days and I'm so embarrassed that I stayed after that, so I feel like I can't tell anyone in my real life. I also have a fear that this isn't a big deal and that l'm overreacting due to my past. Was this assault? Or was this just a drunken moment that I took badly because of past traumas? If anyone has any insight, I'd appreciate it. Thanks to those who have read this far!","[3, 3) | score=3 | Yes, it was assault. You specifically told him that this behavior was off limits while you are asleep, that you had a sexually abusive ex that routinely did this to you and made it very clear that it was unwelcome, and then did it on purpose. Not only did he violate your explicit requests never to do this, he did it anyway, and then took a picture...",
1bautv8,meToo,Not sure if this counts as SA,annoyingpea,4.0,2.0,False,0,1710025132.0,/r/meToo/comments/1bautv8/not_sure_if_this_counts_as_sa/,"So yesterday I was at a party and I’ve definitely had way too much to drink. I have a guy friend who has often made vague moves on me, but there is no real flirting going on between us, as I’m just not interested.
So he and I went for a walk (alone) and I really wasn’t doing too well- to the point of not being able to walk or stand up on my own or even speak coherently. Suddenly he started kissing me and I was really uncomfortable but I wasn’t exactly able to say something. He also started to touch me in inappropriate places. Fighting back wasn’t in my ability so I just accepted it. 
Now the day after I feel incredibly disgusting and used. I’m not the type to have casual hookups or make out sessions if there aren’t any feelings involved and this mindset is very valuable to me, which is why I don’t understand why I would have changed my mind. I do get quite adventurous when drunk but this is not the sort of thing I’d ever do or even find acceptable. 
I don’t want to blame him because I didn’t say no or tell him to stop but at the same time I couldn’t have even if I wanted to. Can anyone help me make up my mind?","1bautv8 meToo Not sure if this counts as SA annoyingpea /r/meToo/comments/1bautv8/not_sure_if_this_counts_as_sa/ So yesterday I was at a party and I’ve definitely had way too much to drink. I have a guy friend who has often made vague moves on me, but there is no real flirting going on between us, as I’m just not interested.
So he and I went for a walk (alone) and I really wasn’t doing too well- to the point of not being able to walk or stand up on my own or even speak coherently. Suddenly he started kissing me and I was really uncomfortable but I wasn’t exactly able to say something. He also started to touch me in inappropriate places. Fighting back wasn’t in my ability so I just accepted it. 
Now the day after I feel incredibly disgusting and used. I’m not the type to have casual hookups or make out sessions if there aren’t any feelings involved and this mindset is very valuable to me, which is why I don’t understand why I would have changed my mind. I do get quite adventurous when drunk but this is not the sort of thing I’d ever do or even find acceptable. 
I don’t want to blame him because I didn’t say no or tell him to stop but at the same time I couldn’t have even if I wanted to. Can anyone help me make up my mind?","[1, 3) | score=1 | I’m so sorry this happened to you, I definitely think he took advantage of you being under the influence as you couldn’t say no.","[3, 5) | score=5 | yes, this is assault, a person cannot give enthusiastic or any type of consent when they’re under the influence. I’m so sorry this happened to you, it wasn’t your fault and you didn’t deserve it. sending you love and healing OP, you are not alone &lt;3"
