post_id,parent_id,subreddit,comment_id,parent_fullname,depth,comment_author,comment_body,comment_score,created_utc,permalink,is_post_author,title,author,body,prompt,Tags,Information support,Emotional support,Esteem support,Network support,Tangible assistance,Seeking support,Group interactions
1lc7y2n,,TooAfraidToAsk,mxysa7g,t3_1lc7y2n,0,Miaous95,Definitely SA and I’d do it back to him see if he finds it funny,5,1750018747,https://www.reddit.com/r/TooAfraidToAsk/comments/1lc7y2n/is_this_considered_sexual_assault/mxysa7g/,FALSE,Is this considered sexual assault?,Beginning_Exit_6256,"So you have sex with a man with consent. You both want to have sex. You tell him that you don’t swallow semen and you’ve never done that. He tells you to do it but you don’t

He then thinks it’s funny/as a joke to force some of his semen with his hand in your mouth? He forcibly does this with his hand

Is this sexual assault?

edit: he’d probably just get arrested for that. I don’t he’d go to prison for it though lol","Original Post:
Author: Beginning_Exit_6256
Title: Is this considered sexual assault?
Body: So you have sex with a man with consent. You both want to have sex. You tell him that you don’t swallow semen and you’ve never done that. He tells you to do it but you don’t

He then thinks it’s funny/as a joke to force some of his semen with his hand in your mouth? He forcibly does this with his hand

Is this sexual assault?

edit: he’d probably just get arrested for that. I don’t he’d go to prison for it though lol

---
Conversation History:
Comment (depth 0):
Author: Miaous95
Content: Definitely SA and I’d do it back to him see if he finds it funny",Information support,Yes,No,No,No,No,No,No
5rf97b,,relationship_advice,dd7kbxy,t3_5rf97b,0,[deleted],"You cheated on him. You are responsible for your own actions, including the things you do drunk. ",5,1485988490,https://www.reddit.com/r/relationship_advice/comments/5rf97b/did_i_17f_cheat_on_my_boyfriend_or_was_i_sexually/dd7kbxy/,FALSE,Did I (17/f) cheat on my boyfriend or was I sexually assaulted?,ahhhhconfuse,"My boyfriend (17/m) and I had been dating for a year, and we really loved each other. There was nothing about him I disliked and I really enjoyed being in this relationship with him. 

I went to a party with a group of friends, thinking I knew a lot of people and there was parental supervision so I was in a safe space. This resulted in me drinking way more than I could handle (which is completely my fault, I didn't know my limits and I take the blame for going overboard) and can only remember small parts of the night. A guy I went to school with when I was younger was there, so we spoke and started catching up, however he made it clear he was interested in me romantically, so I told him I had a boyfriend and wasn't interested before leaving him to find my friends. I don't really remember anything else from the night. Two of my friends and I left, and we all stayed the night together at one of their homes. The next morning I woke up with the worst hangover I'd ever had, and was sick all morning. One of my friends told me that last night, she'd seen me making out with the guy I mentioned earlier. I was so shocked, especially because I genuinely had no memory of it, and I was absolutely against cheating. I asked her why she hadn't stopped me and she said that she had tried, but I didn't respond to her when she asked what I was doing. Another friend later told me that he had seen me throughout the night, lying on the ground and unable to walk or speak. 

I told my boyfriend about a month after it happened, because I was so scared of what his reaction would be. He ended up dumping me, saying that I had cheated on him and that I 'clearly just wanted attention from other guys' and all of this really nasty stuff. I explained to him that I had no memory of it, that I didn't like or want the guy who had kissed me, how much of a bad state I was in, and that I was so so sorry, but he said being drunk was just an excuse girls use when they cheat. I'm so upset, because I don't see this as me cheating on him, I see this as me being taken advantage of in a near-unconscious state. He's now gone and told his friends that I cheated on him, which has spread around my school. Is he correct in saying that I'm to blame? I know it's my fault for getting so drunk in such an unsafe environment, but can he really call what happened 'cheating'? 

tl;dr - i got blackout drunk at a party and don't remember kissing someone else. is this cheating or did I get taken advantage of?","Original Post:
Author: ahhhhconfuse
Title: Did I (17/f) cheat on my boyfriend or was I sexually assaulted?
Body: My boyfriend (17/m) and I had been dating for a year, and we really loved each other. There was nothing about him I disliked and I really enjoyed being in this relationship with him. 

I went to a party with a group of friends, thinking I knew a lot of people and there was parental supervision so I was in a safe space. This resulted in me drinking way more than I could handle (which is completely my fault, I didn't know my limits and I take the blame for going overboard) and can only remember small parts of the night. A guy I went to school with when I was younger was there, so we spoke and started catching up, however he made it clear he was interested in me romantically, so I told him I had a boyfriend and wasn't interested before leaving him to find my friends. I don't really remember anything else from the night. Two of my friends and I left, and we all stayed the night together at one of their homes. The next morning I woke up with the worst hangover I'd ever had, and was sick all morning. One of my friends told me that last night, she'd seen me making out with the guy I mentioned earlier. I was so shocked, especially because I genuinely had no memory of it, and I was absolutely against cheating. I asked her why she hadn't stopped me and she said that she had tried, but I didn't respond to her when she asked what I was doing. Another friend later told me that he had seen me throughout the night, lying on the ground and unable to walk or speak. 

I told my boyfriend about a month after it happened, because I was so scared of what his reaction would be. He ended up dumping me, saying that I had cheated on him and that I 'clearly just wanted attention from other guys' and all of this really nasty stuff. I explained to him that I had no memory of it, that I didn't like or want the guy who had kissed me, how much of a bad state I was in, and that I was so so sorry, but he said being drunk was just an excuse girls use when they cheat. I'm so upset, because I don't see this as me cheating on him, I see this as me being taken advantage of in a near-unconscious state. He's now gone and told his friends that I cheated on him, which has spread around my school. Is he correct in saying that I'm to blame? I know it's my fault for getting so drunk in such an unsafe environment, but can he really call what happened 'cheating'? 

tl;dr - i got blackout drunk at a party and don't remember kissing someone else. is this cheating or did I get taken advantage of?

---
Conversation History:
Comment (depth 0):
Author: [deleted]
Content: You cheated on him. You are responsible for your own actions, including the things you do drunk. ",Information support,Yes,No,No,No,No,No,No
1mah45l,,AmIOverreacting,n5hatmm,t3_1mah45l,0,Mamakeetus,"Not overreacting! This is absolutely SA. I’m so sorry you went through this with someone who was supposed to be a trusted adult, OP.",1,1753642811,https://www.reddit.com/r/AmIOverreacting/comments/1mah45l/am_i_overreacting_or_was_this_sa/n5hatmm/,FALSE,Am I overreacting or was this SA,Super-Bake953,"I, (at the time 9-12f) and my mom (~50) have always been very close. But there are times when she’d make me very uncomfortable— like asking to literally kiss my privates. Because “she’d always do that when I was a kid, why is it different now?” 

This was never a one time thing either, it even went to the point where if I asked for anything she’d say she’d only do it if I let her kiss me there. I, of course a child then, agreed although it felt weird, and frankly disgusted.
Especially when I was a bit older, 11-12, I said no many times, saying that I’m not a baby anymore and I don’t want her to do that, and offer for her to kiss my cheek, face, or anywhere else. But she’d always decline, saying it’s not the same. 

I don’t know if she meant it in a sexual manner, but it still made me feel very uncomfortable and gross.

There are also times where she’d try to get me to wear very revealing clothing, like bikinis, crop tops, booty shorts etc when I was a child. Even after I refused many times, saying I didn’t like them. But she’d tell me she won’t let me go out if I don’t wear them. (But this is quite unrelated.)

Is this SA/SH? Or was it just my mom being weird


Am I over 
reacting?","Original Post:
Author: Super-Bake953
Title: Am I overreacting or was this SA
Body: I, (at the time 9-12f) and my mom (~50) have always been very close. But there are times when she’d make me very uncomfortable— like asking to literally kiss my privates. Because “she’d always do that when I was a kid, why is it different now?” 

This was never a one time thing either, it even went to the point where if I asked for anything she’d say she’d only do it if I let her kiss me there. I, of course a child then, agreed although it felt weird, and frankly disgusted.
Especially when I was a bit older, 11-12, I said no many times, saying that I’m not a baby anymore and I don’t want her to do that, and offer for her to kiss my cheek, face, or anywhere else. But she’d always decline, saying it’s not the same. 

I don’t know if she meant it in a sexual manner, but it still made me feel very uncomfortable and gross.

There are also times where she’d try to get me to wear very revealing clothing, like bikinis, crop tops, booty shorts etc when I was a child. Even after I refused many times, saying I didn’t like them. But she’d tell me she won’t let me go out if I don’t wear them. (But this is quite unrelated.)

Is this SA/SH? Or was it just my mom being weird


Am I over 
reacting?

---
Conversation History:
Comment (depth 0):
Author: Mamakeetus
Content: Not overreacting! This is absolutely SA. I’m so sorry you went through this with someone who was supposed to be a trusted adult, OP.","Information support, Emotional support, Esteem support",No,Yes,No,No,No,No,No
fn0i0z,,TwoXChromosomes,fl7l0jb,t3_fn0i0z,0,feelingray,"thank you for sharing this. it has made me think about my own definition of assault. as a 43 year old cis woman who has been out of the dating pool for a loooong time, i know things are different now and i'm not confident that i know the modern definition of assault. 

but after reading your description and having an in-depth discussion with my partner, i do believe you were assaulted. in my opinion, it's the actions that happen after a person expresses a ""no"" that makes the difference. for you, the fact that he touched your vagina after you said you weren't sure (which i hear as a soft no), is assault. if he had not touched you, but still said ""are you sure,"" i think that would have not been assault. but you expressed discomfort and he responded by going farther. i think that's the behavior we need to stop. 

i'm sorry you went through this. i suspect he looked at his actions after the fact and was not happy with himself. or at least i hope so.",1,1584903926,https://www.reddit.com/r/TwoXChromosomes/comments/fn0i0z/was_i_sexually_assaulted/fl7l0jb/,FALSE,Was I sexually assaulted?,Specific-Parfait,"Earlier this semester, a guy friend of mine came up to my dorm room and we were chatting in my bed. The conversation turned somewhat sexual and we talked about things we were into. I thought nothing of it, because he had a girlfriend and we were just friends. He started scooting closer towards me throughout our conversation, and it made me slightly uncomfortable, but nothing bad. Eventually he got to a point where he put his hand on my thighs and started rubbing/massaging them. I didn’t do anything then, just kept talking, but not feeding into it in hopes he’d stop.

He kept scooting his hands closer and closer to my vagina and eventually grazed it. I said “I’m not sure if we should do this”. He then moved his hand directly on top of my vagina and rubbed it once or twice saying “are you sure you don’t want this”.

I immediately moved away from him and told him no. He did stop. We continued talking for the rest of that night but haven’t spoken since. He did apologize but I’m not sure if this was sexual assault or just a misunderstanding and he stopped when I told him to stop.","Original Post:
Author: Specific-Parfait
Title: Was I sexually assaulted?
Body: Earlier this semester, a guy friend of mine came up to my dorm room and we were chatting in my bed. The conversation turned somewhat sexual and we talked about things we were into. I thought nothing of it, because he had a girlfriend and we were just friends. He started scooting closer towards me throughout our conversation, and it made me slightly uncomfortable, but nothing bad. Eventually he got to a point where he put his hand on my thighs and started rubbing/massaging them. I didn’t do anything then, just kept talking, but not feeding into it in hopes he’d stop.

He kept scooting his hands closer and closer to my vagina and eventually grazed it. I said “I’m not sure if we should do this”. He then moved his hand directly on top of my vagina and rubbed it once or twice saying “are you sure you don’t want this”.

I immediately moved away from him and told him no. He did stop. We continued talking for the rest of that night but haven’t spoken since. He did apologize but I’m not sure if this was sexual assault or just a misunderstanding and he stopped when I told him to stop.

---
Conversation History:
Comment (depth 0):
Author: feelingray
Content: thank you for sharing this. it has made me think about my own definition of assault. as a 43 year old cis woman who has been out of the dating pool for a loooong time, i know things are different now and i'm not confident that i know the modern definition of assault. 

but after reading your description and having an in-depth discussion with my partner, i do believe you were assaulted. in my opinion, it's the actions that happen after a person expresses a ""no"" that makes the difference. for you, the fact that he touched your vagina after you said you weren't sure (which i hear as a soft no), is assault. if he had not touched you, but still said ""are you sure,"" i think that would have not been assault. but you expressed discomfort and he responded by going farther. i think that's the behavior we need to stop. 

i'm sorry you went through this. i suspect he looked at his actions after the fact and was not happy with himself. or at least i hope so.","Group interactions, Esteem support, Information support, Emotional support",No,Yes,No,No,No,No,No
l3tn7n,jdjssjnsnsjaamam@0,rape,gko9q5r,t1_gki29kg,1,lady_410100,No you did not ❤️,1,1611548041,https://www.reddit.com/r/rape/comments/l3tn7n/was_i_sexually_assaulted/gko9q5r/,FALSE,Was I sexually assaulted?,jdjssjnsnsjaamam,"When I was a teenager, I was at my friend’s house with her and a male friend. The male friend and I were sitting next to each other while my female friend was on the other end of the couch. The room was dark and we were watching a movie. He started to squeeze my breasts and put his hand in my pants and tried to penetrate me (I had a tampon in). I was crying and tried to move his hand away but didn’t say no because I didn’t want my friend to know what was happening. I was shocked and embarrassed. This was eight years ago and I think it was assault, but I have trouble calling it that. I still feel ashamed because I feel horrible for letting that happen in a room with my friend in it.","Original Post:
Author: jdjssjnsnsjaamam
Title: Was I sexually assaulted?
Body: When I was a teenager, I was at my friend’s house with her and a male friend. The male friend and I were sitting next to each other while my female friend was on the other end of the couch. The room was dark and we were watching a movie. He started to squeeze my breasts and put his hand in my pants and tried to penetrate me (I had a tampon in). I was crying and tried to move his hand away but didn’t say no because I didn’t want my friend to know what was happening. I was shocked and embarrassed. This was eight years ago and I think it was assault, but I have trouble calling it that. I still feel ashamed because I feel horrible for letting that happen in a room with my friend in it.

---
Conversation History:
Comment (depth 0):
Author: jdjssjnsnsjaamam
Content: So... apparently I deserved it

Comment (depth 1):
Author: lady_410100
Content: No you did not ❤️",Esteem support,No,No,Yes,No,No,No,No
1in8sve,[deleted]@4,raisedbynarcissists,mcfo3ax,t1_mcfaj6i,5,[deleted],It's creepy and unnerving,2,1739394504,https://www.reddit.com/r/raisedbynarcissists/comments/1in8sve/am_i_a_victim_of_emotional_incest/mcfo3ax/,FALSE,Am I a victim of emotional incest?,JallsInYoBaw,"- My mom always wants me to rub her feet or neck because my dad never does it.
- My mom gets upset when I don’t buy her a lot for Valentine’s Day.
- And the weirdest bit, she’s mentioned before that I should spoil her because “I am your woman” which sounds gross af. If I heard a woman saying her son is her man, I’d be sickened.","Original Post:
Author: JallsInYoBaw
Title: Am I a victim of emotional incest?
Body: - My mom always wants me to rub her feet or neck because my dad never does it.
- My mom gets upset when I don’t buy her a lot for Valentine’s Day.
- And the weirdest bit, she’s mentioned before that I should spoil her because “I am your woman” which sounds gross af. If I heard a woman saying her son is her man, I’d be sickened.

---
Conversation History:
Comment (depth 0):
Author: [deleted]
Content: [deleted]

Comment (depth 1):
Author: Leading_Silver2881
Content: Exactly... I have no strength to share my story even though I feel the need to do so. Because writing it down and  checking it over, edits... living through the shame I feel when I share is crushing. I just freez over.

Comment (depth 2):
Author: Nomomommy
Content: It's not your shame to live through. Your abuser refuses to be shamed by their terrible acts, yes, but it doesn't then fall to you to perform emotional and spiritual work on behalf of that person. It's simply not transferable to you, regardless of how it feels.

We are *not* how we've been treated. We are ourselves and you are *yourself*, nothing another person could do to you is capable of corrupting that authenticity. There's an incorruptible purity of youness, whether you feel it or not. This shame is not you, and it's not about you.

Dear friend, I want you to be free from this unnecessary burden. You already carry so much.

Comment (depth 3):
Author: [deleted]
Content: [deleted]

Comment (depth 4):
Author: [deleted]
Content: This.  They really are messed up.  They will have no qualms saying things that are so messed up and shameful.  It’s like they’re not even bothered by them.

Comment (depth 5):
Author: [deleted]
Content: It's creepy and unnerving",Esteem support,No,No,Yes,No,No,No,No
1in8sve,,raisedbynarcissists,mc9a9dj,t3_1in8sve,0,chuckling-cheese,"Emotional incest, wtf. That’s a thing?! Yeah, I mean the fact you’re even here, says it all really. I bet you even get guilt tripped for not rubbing the legs/feet right? Stop doing what YOU don’t want to do, if you can’t speak to your mum to address this then definitely someone else.",19,1739310069,https://www.reddit.com/r/raisedbynarcissists/comments/1in8sve/am_i_a_victim_of_emotional_incest/mc9a9dj/,FALSE,Am I a victim of emotional incest?,JallsInYoBaw,"- My mom always wants me to rub her feet or neck because my dad never does it.
- My mom gets upset when I don’t buy her a lot for Valentine’s Day.
- And the weirdest bit, she’s mentioned before that I should spoil her because “I am your woman” which sounds gross af. If I heard a woman saying her son is her man, I’d be sickened.","Original Post:
Author: JallsInYoBaw
Title: Am I a victim of emotional incest?
Body: - My mom always wants me to rub her feet or neck because my dad never does it.
- My mom gets upset when I don’t buy her a lot for Valentine’s Day.
- And the weirdest bit, she’s mentioned before that I should spoil her because “I am your woman” which sounds gross af. If I heard a woman saying her son is her man, I’d be sickened.

---
Conversation History:
Comment (depth 0):
Author: chuckling-cheese
Content: Emotional incest, wtf. That’s a thing?! Yeah, I mean the fact you’re even here, says it all really. I bet you even get guilt tripped for not rubbing the legs/feet right? Stop doing what YOU don’t want to do, if you can’t speak to your mum to address this then definitely someone else.","Information support, Network support",No,No,No,Yes,No,No,No
1poljs1,lunalovegood456@1,sexualassault,nuomvmg,t1_nulltea,2,Natural-Resist-2610,"i’m part of gen z too so i actually understand that tbh, i was watching porn at age 10 etc but i really do hope you’re able to get away from this so called ‘friend’ of yours because they honestly don’t seem like a good person to be around at all especially if they’re making you uncomfortable in every way possible i wish you best of luck and hope you find the strength to get away from this person :(( just know whatever this ‘friend’ made you was NOT your fault please don’t try to think of it as your fault in anyway because it’s never the victims fault as they’re a victim for a reason. i hope your friend can possibly find therapy or professional help as they seem to think what they’re doing is completely okay",1,1766065397,https://www.reddit.com/r/sexualassault/comments/1poljs1/was_this_sa_tw_minors/nuomvmg/,FALSE,Was this SA? TW Minors,lunalovegood456,"When I was 9 I was at a friends house and said friend put hair bands around my ankles and wrists too keep my legs and arms together and then put something up my shirt to have an excuse to touch me. She has in the past made comments about the size of my boobs. I didn’t consent when she touched me and was laughing and whatever because I wasn’t sure what to do and was uncomfortable with the situation.
 
We ended up having sex later which doesn’t sit right with me because I never liked her so why would I do that. To be fare, my memories are a little blurry and she might have coerced me and I have no memory of it. 

I went back to her house at a later date and she said she wanted to have sex again and I said that I didn’t want to. She proceeded to beg until I caved and went along with it. To be clear I never said yes. She then pulled me on top of her and forced me to kiss her even after I said I was uncomfortable. Later her nails were digging into me and I states that I was in pain and asked her to stop and she continued. 

The main reason for this post is that recently I’ve felt that I am being dramatic. So tell me, was this SA?

Edited for grammar mistakes","Original Post:
Author: lunalovegood456
Title: Was this SA? TW Minors
Body: When I was 9 I was at a friends house and said friend put hair bands around my ankles and wrists too keep my legs and arms together and then put something up my shirt to have an excuse to touch me. She has in the past made comments about the size of my boobs. I didn’t consent when she touched me and was laughing and whatever because I wasn’t sure what to do and was uncomfortable with the situation.
 
We ended up having sex later which doesn’t sit right with me because I never liked her so why would I do that. To be fare, my memories are a little blurry and she might have coerced me and I have no memory of it. 

I went back to her house at a later date and she said she wanted to have sex again and I said that I didn’t want to. She proceeded to beg until I caved and went along with it. To be clear I never said yes. She then pulled me on top of her and forced me to kiss her even after I said I was uncomfortable. Later her nails were digging into me and I states that I was in pain and asked her to stop and she continued. 

The main reason for this post is that recently I’ve felt that I am being dramatic. So tell me, was this SA?

Edited for grammar mistakes

---
Conversation History:
Comment (depth 0):
Author: Natural-Resist-2610
Content: this was definitely assault and i’m so sorry this happened to you at such a young age 🙁saying no but then caving after they beg is NOT consent still, you stated you were clearly uncomfortable i really hope you aren’t in contact with this friend anymore, and if you don’t mind me asking why was this friend asking to have sex with you when they were 9? surely they shouldn’t have known what that was yet

Comment (depth 1):
Author: lunalovegood456
Content: I am part of Gen Z and our parents didn’t limit any of our internet access. Most of us knew what sex was by the age of 7 and a decent amount of kids were “losing their virginity “ around 10 years old. Sadly, I am still friends with her because we ended up at the same high school. She has been harassing me in other ways since and acts like what happened between us is a joke.

Comment (depth 2):
Author: Natural-Resist-2610
Content: i’m part of gen z too so i actually understand that tbh, i was watching porn at age 10 etc but i really do hope you’re able to get away from this so called ‘friend’ of yours because they honestly don’t seem like a good person to be around at all especially if they’re making you uncomfortable in every way possible i wish you best of luck and hope you find the strength to get away from this person :(( just know whatever this ‘friend’ made you was NOT your fault please don’t try to think of it as your fault in anyway because it’s never the victims fault as they’re a victim for a reason. i hope your friend can possibly find therapy or professional help as they seem to think what they’re doing is completely okay","Information support, Emotional support, Network support, Group interactions",No,No,No,Yes,No,No,No
1mtof5i,Apprehensive-Set3584@1,sexualassault,n9d5j96,t1_n9d1pkb,2,SeasonOfTheWitch666,Do u wanna chat? I can answer them instead of spamming the post!,1,1755531432,https://www.reddit.com/r/sexualassault/comments/1mtof5i/i_f18_went_on_a_date_with_a_guy_m24_and_then_got/n9d5j96/,FALSE,I (f18) went on a date with a guy (m24) and then got blackout drunk and i just found out we had sex,Apprehensive-Set3584,"So i started talking to this guy about a week ago and i went to his house yesterday to have some drinks and smoke weed (i’m not sure if we actually smoked). Before i met him i was at a bar with my friend and he knew i was already tipsy but anyways when we arrived at his house everything was fine and we sat on his balcony where i literally took 5 sips of the drink and i was gone. After those sips i have no memory whatsoever, my memory came back a little bit when i was on my way home about 3 hours later. Today when i woke up i was so scared because i literally had no memory from those 3 hours and i felt like something was wrong so i checked and i’m kinda sore down there and when i went to the bathroom i looks like sperm is still coming out of me so i’m 100% sure we had sex and i really don’t know what to do. I went into this date thinking i’m done with sex for now and i even told my friend before the date that i would never have sex with him on the first date and would like to wait a little longer for that. Anyways i wrote to him today and told him like “hey i woke up and i’m kinda panicking because i have no memory at all, the last memory i have is on the balcony” and he hasn’t replied yet. Is this sexual assault or rape and what if i actually initiated or said yes to the sex? i don’t know how to feel right now i’m just disgusted by myself and the whole situation. Also to clarify we didn’t have enough alcohol for him to get really drunk so i don’t think he was that drunk, he could definitely tell i was out of it though because i have a video of me talking and i couldn’t even pronounce the words correctly. ","Original Post:
Author: Apprehensive-Set3584
Title: I (f18) went on a date with a guy (m24) and then got blackout drunk and i just found out we had sex
Body: So i started talking to this guy about a week ago and i went to his house yesterday to have some drinks and smoke weed (i’m not sure if we actually smoked). Before i met him i was at a bar with my friend and he knew i was already tipsy but anyways when we arrived at his house everything was fine and we sat on his balcony where i literally took 5 sips of the drink and i was gone. After those sips i have no memory whatsoever, my memory came back a little bit when i was on my way home about 3 hours later. Today when i woke up i was so scared because i literally had no memory from those 3 hours and i felt like something was wrong so i checked and i’m kinda sore down there and when i went to the bathroom i looks like sperm is still coming out of me so i’m 100% sure we had sex and i really don’t know what to do. I went into this date thinking i’m done with sex for now and i even told my friend before the date that i would never have sex with him on the first date and would like to wait a little longer for that. Anyways i wrote to him today and told him like “hey i woke up and i’m kinda panicking because i have no memory at all, the last memory i have is on the balcony” and he hasn’t replied yet. Is this sexual assault or rape and what if i actually initiated or said yes to the sex? i don’t know how to feel right now i’m just disgusted by myself and the whole situation. Also to clarify we didn’t have enough alcohol for him to get really drunk so i don’t think he was that drunk, he could definitely tell i was out of it though because i have a video of me talking and i couldn’t even pronounce the words correctly. 

---
Conversation History:
Comment (depth 0):
Author: SeasonOfTheWitch666
Content: And babes, this is full on rape..

Comment (depth 1):
Author: Apprehensive-Set3584
Content: that’s so hard to accept i don’t know how i should react it’s just really hard and i would never think he would do that because he seemed so nice and fun to hang out with

Comment (depth 2):
Author: SeasonOfTheWitch666
Content: Do u wanna chat? I can answer them instead of spamming the post!",Tangible assistance,No,No,No,No,Yes,No,No
1lhr9kh,Popular-Honey26@1,sexualassault,mz6jr8g,t1_mz6hzmh,2,PastPie921,"Of course you were confused! It was really not okay! And I am so so glad that you could get out of this situation. If you ever need to talk more, I am here",1,1750612000,https://www.reddit.com/r/sexualassault/comments/1lhr9kh/was_this_sa/mz6jr8g/,FALSE,Was this SA?,Popular-Honey26,"Hi, I’m 18m, I was out last night for pride and it was my first proper full on night out but I ended up cutting it short. I’ve been really badly sexually assaulted before and have pretty bad ptsd because of it and I’m not sure if I’m overthinking this situation as my parents say it’s to be expected in clubs. Basically I was standing beside the bathroom waiting for my friend to come out and this women called me cute and started to play with my hair, I was like okay that’s nice I just said thank you and went on my phone. Then about 15 minutes later me and my friend begin to dance, she takes my hands and starts to dance with me and I’m stood like oh okay is this like what normally goes on dancing with strangers that’s fine this is fun it’s whatever. Then like before I even realised what was happening she had both of her hands gripping my ass and she pulled me in for a kiss. I ended up leaving because I was so upset and stressed I didn’t think I gave off any indication that I wanted to kiss her or anything so I’m confused if this is just what clubbing is? 
Edit: also she was a lot older than me, like idk maybe 30s or something like that idk if that changes anything ","Original Post:
Author: Popular-Honey26
Title: Was this SA?
Body: Hi, I’m 18m, I was out last night for pride and it was my first proper full on night out but I ended up cutting it short. I’ve been really badly sexually assaulted before and have pretty bad ptsd because of it and I’m not sure if I’m overthinking this situation as my parents say it’s to be expected in clubs. Basically I was standing beside the bathroom waiting for my friend to come out and this women called me cute and started to play with my hair, I was like okay that’s nice I just said thank you and went on my phone. Then about 15 minutes later me and my friend begin to dance, she takes my hands and starts to dance with me and I’m stood like oh okay is this like what normally goes on dancing with strangers that’s fine this is fun it’s whatever. Then like before I even realised what was happening she had both of her hands gripping my ass and she pulled me in for a kiss. I ended up leaving because I was so upset and stressed I didn’t think I gave off any indication that I wanted to kiss her or anything so I’m confused if this is just what clubbing is? 
Edit: also she was a lot older than me, like idk maybe 30s or something like that idk if that changes anything 

---
Conversation History:
Comment (depth 0):
Author: PastPie921
Content: I am very sorry this happened to you, and that you were assaulted before! And yes this was not okay, she did not care about your consent at all! And it dows happen a lot in clubs but that does not make it okay!

Comment (depth 1):
Author: Popular-Honey26
Content: Thank you, I did end up managing to leave and like go into my work which definitely helped I just was a bit confused at the entire situation

Comment (depth 2):
Author: PastPie921
Content: Of course you were confused! It was really not okay! And I am so so glad that you could get out of this situation. If you ever need to talk more, I am here","Information support, Emotional support, Esteem support, Tangible assistance",No,No,No,No,Yes,No,No
1prxokm,CompetitivePick2361@0,sexualassault,nv5rsw6,t1_nv5igxu,1,Own-Performance2206,"Thank you for your kind words. This situation happened months ago so a lot of things transpired since then.

Firstly, in the days following, I unfortunately blamed myself for what happened and so did he. I even apologized to him because I felt like if I had ""failed"" and was defective. I knew that something was wrong but it didn't yet hit me just how messed up the situation was and I began to doubt my own judgement. He said I ""killed the whole vibe from start to finish"". I messaged him and tried calling him to talk about the situation but after 4 days he blocked me. He seemed to be under the impression that he did nothing wrong and I was at fault for calling him a bad person and acted like ""he was the worst"". I know, it's completely absurd. 

Secondly, I tried reaching out to him 3 months after it happened. I was still confused and feeling a lot of guilt about the situation though. Also, me and this person knew each other for 4 years and briefly dated so I think a part of me wanted to believe that they didn't hurt me and it was some big misunderstanding because I had regarded them as ""safe"" prior to the incident.
The message I sent to him: ""I just have to get this off my chest, idk if you ever got my messages, I’m sure you’ll block this account but it’s whatever to me atp. I feel like you should actually see this and I need to say something 
I feel like you would never understand because it seemed like that experience was just you fucking a virgin or an easy opportunity to fuck or whatever. I wasn’t expecting a fairytale but I did think I would be safe and comfortable with you, I was wrong, clearly. For some reason I figured you had enough respect for me to hear me out and listen to what I was saying especially because we had so many conversations about me being assaulted and how the stuff that I went through that affects my relationship with intimacy and sex but the fact that you showed up with somebody in the car showed me you never really cared plus ig you already got what you wanted except I was defective so you simply discarded of me (literally how it felt atp).
I be thinking that cause I tried to be kind and understanding to people they would return the favour and that’s not how shit works. I understand your bottomline was fucking but I just think there’s a way to do things and I was owed common decency and privacy
You didn’t care to hear me out or pick up the phone, all I wanted to know was that I wasn’t crazy for being uncomfortable. What did you think I meant when I said “I don’t even want to do this anymore” or when you were standing over me with my hands covering my face? I just had to suck it up and hurry to get it over with cause you had to take your friend somewhere ig. Didn’t consider how that would make me feel but I’m supposed to be kind, understanding and reasonable always. Even in my weakest moment I couldn’t be hurt, angry, nothing. I wish I never apologized for calling you a bad  person because you were a bad person in that moment from my pov. Idk if it’s wrong to summarize somebody’s character to one moment either but it’s hard not to considering the nature of the situation 
There’s also a part of me that wonders if you genuinely don’t understand my pov or you just don’t care. I guess I’ll never know 
I think about how powerless and weak I felt in that moment and cry everyday. Like I didn’t even have a say in what happens to my own body. Feeling like I had to put my comfort to the side because you sat in traffic and how triggering that was for me.
Idek if this makes sense but I think sending this will give me peace of mind which I deserve. I also don’t know if you will receive this message but if you do I hope you can look back at that situation and realize how your actions impacted me and learn something from that, if you even care to do that in the first place. I just don’t think it’s fair that I should have to suffer with this and you can pretend nothing happened.
Look I don’t know if it’s fair to summarize a person’s entire character off of one bad experience but it’s hard not to considering the context. I need you to say something. I’ve been sitting with this, replaying everything and it’s exhausting. You might have moved on, or thought it was never that deep but for me it was. I’m not looking to argue. I just want to know that you heard me and that you understand the weight of what I felt. Please don’t leave me in silence. Say something, anything"".

His response: ""Bro please i beg you stop sending people my number to forward msges to me and Stop making accounts to msg me, calling and texting me dawg real talk wtf ort i understand i made you feel bad but it goneeeee time has passed leave me alone dawg you ain't getting it i aint wan talk about it!!! Tbh you basically beg me to come cross there and after you completely creep me out and weird me out making me the bad person Nahhhhh can't work so LEAVE ME ALONE NOW i get how yu feel but
Jesus Now
You genuinely starting to creep me out.""

Lastly, I'm talking legal action against him, however, I'm not very optimistic. Sexual Misconduct is not taken seriously at all. I went to the police station with a lawyer. I said that I came to report a rape. The officer says ""You can't make a rape report without medical evidence"". My lawyer stepped in and said that's not true. That same officer was taking a preliminary account of events. When I spoke about the friend being outside she said ""You could have locked the door"". She also asked why I didn't push him off or say stop or fight back. I actually didn't complete my statement and that was one of the reasons why, among others. I was still in a very fragile place so her victim blaming and trivializing discouraged and saddened me. I am going back to complete it this month tho.",0,1766298403,https://www.reddit.com/r/sexualassault/comments/1prxokm/is_this_sexual_assaultrape/nv5rsw6/,TRUE,Is This Sexual Assault/Rape?,Own-Performance2206,"Hey, so I want to enquire about an incident. I've been struggling with this for some time and coming here for input.

Me and a guy had agreed to meet up at my house to have sex. When he came to my house, he was in the car with his friend and he never told me that he was bringing that friend along. He never mentioned hanging out with the friend or anything and I felt very blindsided and ambushed and that made me uncomfortable. I definitely did make it known that I was uncomfortable with that person being there multiple times. I said ""Who is in the car?"" and he replied ""That's \*insert name\*, I have to give him a ride somewhere"".  I was like thinking about it and then we went inside to my room.  I said to him ""Your friend being out there is throwing me off. He knows what's going on, it's obvious"".  He responds by saying ""He doesn't know what's going on"", which I don't know if that's true or not. The first five and ten minutes of him arriving and us going to my room is me expressing my discomfort but at the same time I was questioning whether I was being reasonable and fair to be skeptical. I felt like it was inconsiderate and inappropriate but wasn't sure if it was wrong of me to say because I was a virgin. He says to me ""I feel like you don't appreciate me coming all this way"" that made me feel bad and guilty. 

Fast forward, we play like two or three songs and we're both standing in front of my vanity where my laptop is. He raises his hands in the air and that confused me and I mimicked his action. While my hands were in the air, he unexpectedly took my shirt off, I froze for a couple of seconds. He then attempted to take off my bra, it unhooked but I was holding it my boobs in place so it wouldn't come off. After, I moved away from him and sat on my bed. I put my shirt back on and then took off my bra, yes in that order. I didn't want to get naked or expose myself. I was trying to put on my bra but he was staring and it made me uncomfortable and I couldn't get it hooked back so I took it off under the shirt. He moved close to me. I said to him ""I don't even want to do this anymore"". He said to me ""You don't even want to do this anymore?"". He then immediately started touching or rubbing my crotch area and my breasts. I froze, I did not know what to do. It's like I was screaming internally but that didn't translate to my body. He got a phone call from his friend in the car and that's why he stopped touching me. I want to make it clear that when I froze I did not say anything or touch him or moan. I was just stuck. That made me feel even more uncomfortable because I didn’t know what they discussed before coming here. Mind you, I know that this person is his friend, that's all. Me and this person never met or had a conversation. It's like a stranger is outside my house, so I felt confused and uncomfortable because not only is a stranger outside my house, but you are now having a conversation with said stranger and I don't know what it's about. The friend could very well be in the dark as well, but from my perspective, I can't be sure. This made me hesitant to speak out because I felt outnumbered and thought to myself what if he or the friend retaliate in some way. 

After the phone call he began getting more and more impatient. He took out his penis and moved my head towards in, basically gesturing that I give him head. I move away and he asks why I moved and I said “because that’s crazy”. Next, he’s standing over me and I’m sitting on the bed and I cover my face with my hands because I just felt like I wanted to disappear because he keeps pressuring me to continue even though I already said I didn’t want to and was clearly uncomfortable. He sees my hands over my face and says “It’s not science” I say “It is science, it’s biology” and he says “It’s not rocket science”. Some time goes by and I’m just sitting there and I say “this is ghetto, this whole situation is ghetto”. 

He eventually says “up” and takes off my pants and underwear. I’m sitting on the bed uncomfortably, I don't know what to do. He lifts my legs up and then then penetrates. I was zoning in and out for majority of it, I remember it feeling intense and uncomfortable. Whenever he would say something is when I would “zone back in”. So I was laying there with a blank expression on my face, not participating and it made him upset. He says to me “I feel like you fucking with me”. I didn’t say anything but that made me feel powerless and ashamed.  At one point said “laugh”, I didn't and again I felt even more powerless and confused. Eventually I hear him say “remember I tell you about this?” and I was confused and I zoned back in. I look up dazed and realized he ejaculated because he was wiping my crotch and inner thigh area and I realized the act was over. I wasn't sure where he had ejaculated. He said “you should clean that up”. I was kinda sitting still trying to process what happened and he’s like “we gotta talk about this” and he’s saying other things but I don’t remember every quote. I was mostly trying to process what happened. I looked at him and said “You’re a bad person”. He was upset because of that. Eventually he told me to walk him out and that I look disappointed and he left shortly after. The person called him again and started blowing the horn so he wanted to leave quickly. 

Does this count as rape/sexual assault?","Original Post:
Author: Own-Performance2206
Title: Is This Sexual Assault/Rape?
Body: Hey, so I want to enquire about an incident. I've been struggling with this for some time and coming here for input.

Me and a guy had agreed to meet up at my house to have sex. When he came to my house, he was in the car with his friend and he never told me that he was bringing that friend along. He never mentioned hanging out with the friend or anything and I felt very blindsided and ambushed and that made me uncomfortable. I definitely did make it known that I was uncomfortable with that person being there multiple times. I said ""Who is in the car?"" and he replied ""That's \*insert name\*, I have to give him a ride somewhere"".  I was like thinking about it and then we went inside to my room.  I said to him ""Your friend being out there is throwing me off. He knows what's going on, it's obvious"".  He responds by saying ""He doesn't know what's going on"", which I don't know if that's true or not. The first five and ten minutes of him arriving and us going to my room is me expressing my discomfort but at the same time I was questioning whether I was being reasonable and fair to be skeptical. I felt like it was inconsiderate and inappropriate but wasn't sure if it was wrong of me to say because I was a virgin. He says to me ""I feel like you don't appreciate me coming all this way"" that made me feel bad and guilty. 

Fast forward, we play like two or three songs and we're both standing in front of my vanity where my laptop is. He raises his hands in the air and that confused me and I mimicked his action. While my hands were in the air, he unexpectedly took my shirt off, I froze for a couple of seconds. He then attempted to take off my bra, it unhooked but I was holding it my boobs in place so it wouldn't come off. After, I moved away from him and sat on my bed. I put my shirt back on and then took off my bra, yes in that order. I didn't want to get naked or expose myself. I was trying to put on my bra but he was staring and it made me uncomfortable and I couldn't get it hooked back so I took it off under the shirt. He moved close to me. I said to him ""I don't even want to do this anymore"". He said to me ""You don't even want to do this anymore?"". He then immediately started touching or rubbing my crotch area and my breasts. I froze, I did not know what to do. It's like I was screaming internally but that didn't translate to my body. He got a phone call from his friend in the car and that's why he stopped touching me. I want to make it clear that when I froze I did not say anything or touch him or moan. I was just stuck. That made me feel even more uncomfortable because I didn’t know what they discussed before coming here. Mind you, I know that this person is his friend, that's all. Me and this person never met or had a conversation. It's like a stranger is outside my house, so I felt confused and uncomfortable because not only is a stranger outside my house, but you are now having a conversation with said stranger and I don't know what it's about. The friend could very well be in the dark as well, but from my perspective, I can't be sure. This made me hesitant to speak out because I felt outnumbered and thought to myself what if he or the friend retaliate in some way. 

After the phone call he began getting more and more impatient. He took out his penis and moved my head towards in, basically gesturing that I give him head. I move away and he asks why I moved and I said “because that’s crazy”. Next, he’s standing over me and I’m sitting on the bed and I cover my face with my hands because I just felt like I wanted to disappear because he keeps pressuring me to continue even though I already said I didn’t want to and was clearly uncomfortable. He sees my hands over my face and says “It’s not science” I say “It is science, it’s biology” and he says “It’s not rocket science”. Some time goes by and I’m just sitting there and I say “this is ghetto, this whole situation is ghetto”. 

He eventually says “up” and takes off my pants and underwear. I’m sitting on the bed uncomfortably, I don't know what to do. He lifts my legs up and then then penetrates. I was zoning in and out for majority of it, I remember it feeling intense and uncomfortable. Whenever he would say something is when I would “zone back in”. So I was laying there with a blank expression on my face, not participating and it made him upset. He says to me “I feel like you fucking with me”. I didn’t say anything but that made me feel powerless and ashamed.  At one point said “laugh”, I didn't and again I felt even more powerless and confused. Eventually I hear him say “remember I tell you about this?” and I was confused and I zoned back in. I look up dazed and realized he ejaculated because he was wiping my crotch and inner thigh area and I realized the act was over. I wasn't sure where he had ejaculated. He said “you should clean that up”. I was kinda sitting still trying to process what happened and he’s like “we gotta talk about this” and he’s saying other things but I don’t remember every quote. I was mostly trying to process what happened. I looked at him and said “You’re a bad person”. He was upset because of that. Eventually he told me to walk him out and that I look disappointed and he left shortly after. The person called him again and started blowing the horn so he wanted to leave quickly. 

Does this count as rape/sexual assault?

---
Conversation History:
Comment (depth 0):
Author: CompetitivePick2361
Content: Hey. Firstly I’m really sorry that this happened to you. And yes this unfortunately does count as rape. Please, please, please. You have nothing to be  ashamed of.

1. He should never have brought a stranger along. That was inconsiderate and shows a lack of care towards you. 

2. You did not consent to any of it. He made every move and you made clear signs that you were uncomfortable.

3. I want to assure you, that you all of you thoughts and feelings throughout the whole process are valid! And not to underestimate or be confused by your thoughts or feelings as everything you felt and did was correct - you was just with someone who was on a mission to get what he wanted without considering you first. 

Now you may say to yourself - but we agreed to have sex. Okay, yes you did,  but if you agreed to a date and someone else showed up with another person, you too would be in your rights to cancel the date and leave.

You are also allowed to change your mind and true caring person, just like a decent man with a date, would be disappointed but they would wait for you to reschedule until you are available or in this case feel comfortable. What they cannot and would not do, is kidnap you because they still want the date and what he has done, is forced the sex, because he still wanted it. 

So what now, whatever you decide is completely up to you. You are not powerless you still have the power. 

However far you want to take it is up to you. I understand women are not always legally supported so they need to create their own power move in this situation. 

I personally would message him explaining how you feel and exactly what he done and explaining that you want no more contact from him, and also especially explaining that he did not take your feelings or consent into consideration but to make it clear that it was rape and that you will be blocking him on everything. You can also say, that if he tries contact you or approach you will report him, if you haven’t or didn’t choose to already. 

You are still powerful. You are no longer powerless. But you are actually powerful surviving this.

Comment (depth 1):
Author: Own-Performance2206
Content: Thank you for your kind words. This situation happened months ago so a lot of things transpired since then.

Firstly, in the days following, I unfortunately blamed myself for what happened and so did he. I even apologized to him because I felt like if I had ""failed"" and was defective. I knew that something was wrong but it didn't yet hit me just how messed up the situation was and I began to doubt my own judgement. He said I ""killed the whole vibe from start to finish"". I messaged him and tried calling him to talk about the situation but after 4 days he blocked me. He seemed to be under the impression that he did nothing wrong and I was at fault for calling him a bad person and acted like ""he was the worst"". I know, it's completely absurd. 

Secondly, I tried reaching out to him 3 months after it happened. I was still confused and feeling a lot of guilt about the situation though. Also, me and this person knew each other for 4 years and briefly dated so I think a part of me wanted to believe that they didn't hurt me and it was some big misunderstanding because I had regarded them as ""safe"" prior to the incident.
The message I sent to him: ""I just have to get this off my chest, idk if you ever got my messages, I’m sure you’ll block this account but it’s whatever to me atp. I feel like you should actually see this and I need to say something 
I feel like you would never understand because it seemed like that experience was just you fucking a virgin or an easy opportunity to fuck or whatever. I wasn’t expecting a fairytale but I did think I would be safe and comfortable with you, I was wrong, clearly. For some reason I figured you had enough respect for me to hear me out and listen to what I was saying especially because we had so many conversations about me being assaulted and how the stuff that I went through that affects my relationship with intimacy and sex but the fact that you showed up with somebody in the car showed me you never really cared plus ig you already got what you wanted except I was defective so you simply discarded of me (literally how it felt atp).
I be thinking that cause I tried to be kind and understanding to people they would return the favour and that’s not how shit works. I understand your bottomline was fucking but I just think there’s a way to do things and I was owed common decency and privacy
You didn’t care to hear me out or pick up the phone, all I wanted to know was that I wasn’t crazy for being uncomfortable. What did you think I meant when I said “I don’t even want to do this anymore” or when you were standing over me with my hands covering my face? I just had to suck it up and hurry to get it over with cause you had to take your friend somewhere ig. Didn’t consider how that would make me feel but I’m supposed to be kind, understanding and reasonable always. Even in my weakest moment I couldn’t be hurt, angry, nothing. I wish I never apologized for calling you a bad  person because you were a bad person in that moment from my pov. Idk if it’s wrong to summarize somebody’s character to one moment either but it’s hard not to considering the nature of the situation 
There’s also a part of me that wonders if you genuinely don’t understand my pov or you just don’t care. I guess I’ll never know 
I think about how powerless and weak I felt in that moment and cry everyday. Like I didn’t even have a say in what happens to my own body. Feeling like I had to put my comfort to the side because you sat in traffic and how triggering that was for me.
Idek if this makes sense but I think sending this will give me peace of mind which I deserve. I also don’t know if you will receive this message but if you do I hope you can look back at that situation and realize how your actions impacted me and learn something from that, if you even care to do that in the first place. I just don’t think it’s fair that I should have to suffer with this and you can pretend nothing happened.
Look I don’t know if it’s fair to summarize a person’s entire character off of one bad experience but it’s hard not to considering the context. I need you to say something. I’ve been sitting with this, replaying everything and it’s exhausting. You might have moved on, or thought it was never that deep but for me it was. I’m not looking to argue. I just want to know that you heard me and that you understand the weight of what I felt. Please don’t leave me in silence. Say something, anything"".

His response: ""Bro please i beg you stop sending people my number to forward msges to me and Stop making accounts to msg me, calling and texting me dawg real talk wtf ort i understand i made you feel bad but it goneeeee time has passed leave me alone dawg you ain't getting it i aint wan talk about it!!! Tbh you basically beg me to come cross there and after you completely creep me out and weird me out making me the bad person Nahhhhh can't work so LEAVE ME ALONE NOW i get how yu feel but
Jesus Now
You genuinely starting to creep me out.""

Lastly, I'm talking legal action against him, however, I'm not very optimistic. Sexual Misconduct is not taken seriously at all. I went to the police station with a lawyer. I said that I came to report a rape. The officer says ""You can't make a rape report without medical evidence"". My lawyer stepped in and said that's not true. That same officer was taking a preliminary account of events. When I spoke about the friend being outside she said ""You could have locked the door"". She also asked why I didn't push him off or say stop or fight back. I actually didn't complete my statement and that was one of the reasons why, among others. I was still in a very fragile place so her victim blaming and trivializing discouraged and saddened me. I am going back to complete it this month tho.","Seeking support, Group interactions",No,No,No,No,No,Yes,No
1pnuw9m,ForHeHasReturnedNow@0,sexualassault,nubz4hd,t1_nubedib,1,WelcomeProof2856,Okk thank you for this.I wasn’t sure and I was overthinking it ,1,1765892924,https://www.reddit.com/r/sexualassault/comments/1pnuw9m/was_this_sa/nubz4hd/,TRUE,Was this sa?,WelcomeProof2856,So me and my bf were lying next to each other and touching each other.At some point I fell asleep around that time and he touched me inappropriately but he realized I was asleep because I didn’t respond so he stopped.We spoke about this later and he apologized multiple times but I feel weird,"Original Post:
Author: WelcomeProof2856
Title: Was this sa?
Body: So me and my bf were lying next to each other and touching each other.At some point I fell asleep around that time and he touched me inappropriately but he realized I was asleep because I didn’t respond so he stopped.We spoke about this later and he apologized multiple times but I feel weird

---
Conversation History:
Comment (depth 0):
Author: ForHeHasReturnedNow
Content: Why would it be if he thought you were awake and immediately stopped after realizing you're not?

Comment (depth 1):
Author: WelcomeProof2856
Content: Okk thank you for this.I wasn’t sure and I was overthinking it ","Seeking support, Group interactions",No,No,No,No,No,Yes,No
1m2zq26,,sexualassault,n3sq5hp,t3_1m2zq26,0,hornylilcunt69,oh yeah and i remember a lot of it was painful,1,1752837891,https://www.reddit.com/r/sexualassault/comments/1m2zq26/is_this_sexual_assault/n3sq5hp/,TRUE,is this sexual assault,hornylilcunt69,"okay so basically i decided to hangout with my ex. it was all fun and games until he pulled out cocaine knowing im a (well partially i still smoke) recovered addict. i also have a lot of trauma with cocaine and being drugged and raped while on coke so i explained that to him, then he assured me id be safe. so i snorted it, then he waited until after the fact to tell me that there was molly in it too. (molly was the same drug i was laced with last time i was raped, besides it was in my drink.) so i started to panic a little and he kept asking if i was ok and i just acted like i was but he knew something was wrong he said. then he came up to me and cuddled me, which i found sweet at first until he started kissing me. i allowed it because it felt like he was just trying to help. then he started touching THOSE areas and id move his hands away from them but he kept putting them on those areas again. then i felt super fucked up at this point and everything felt in slow motion but also clear and i was super like uncomfortably unvoluntarily turned on and i let him do what he wanted to me but thats all i really remember besides me having a panic attack halfway thru and him stopping only for a sexond then begging me to let him again so i said yes then i dont remember anything else besides him having to get me my pants on at the end because i was so fucked up then i fell asleep and woke up in the middle of the night and went home. im just not sure if its SA cause taking coke kind of set me up for that.","Original Post:
Author: hornylilcunt69
Title: is this sexual assault
Body: okay so basically i decided to hangout with my ex. it was all fun and games until he pulled out cocaine knowing im a (well partially i still smoke) recovered addict. i also have a lot of trauma with cocaine and being drugged and raped while on coke so i explained that to him, then he assured me id be safe. so i snorted it, then he waited until after the fact to tell me that there was molly in it too. (molly was the same drug i was laced with last time i was raped, besides it was in my drink.) so i started to panic a little and he kept asking if i was ok and i just acted like i was but he knew something was wrong he said. then he came up to me and cuddled me, which i found sweet at first until he started kissing me. i allowed it because it felt like he was just trying to help. then he started touching THOSE areas and id move his hands away from them but he kept putting them on those areas again. then i felt super fucked up at this point and everything felt in slow motion but also clear and i was super like uncomfortably unvoluntarily turned on and i let him do what he wanted to me but thats all i really remember besides me having a panic attack halfway thru and him stopping only for a sexond then begging me to let him again so i said yes then i dont remember anything else besides him having to get me my pants on at the end because i was so fucked up then i fell asleep and woke up in the middle of the night and went home. im just not sure if its SA cause taking coke kind of set me up for that.

---
Conversation History:
Comment (depth 0):
Author: hornylilcunt69
Content: oh yeah and i remember a lot of it was painful",Group interactions,No,No,No,No,No,No,Yes
3fwge1,navigatory@1,TwoXChromosomes,ctsnw43,t1_ctsnu5l,2,1BigUniverse,ok.,-2,1438802578,https://www.reddit.com/r/TwoXChromosomes/comments/3fwge1/does_this_count_as_sexual_assault/ctsnw43/,FALSE,Does this count as sexual assault?,navigatory,"Hey all, this is my first post so apologies in advance if I'm breaking any rules or doing anything incorrectly. Just let me know and I will try to fix it!

&nbsp;

About two years ago, I had sex for the first time with my boyfriend (we have since broken up). I'm a very small person and getting started was really difficult and painful, but I figured that was normal for a virgin and my body type (to give some perspective - I can only use ""light"" absorbency tampons because larger sizes cause me enough going in and out that I would rather change smaller tampons every hour). Anyways, after a while, the sex didn't get any better - it was still painful and generally unenjoyable. I wanted to stop, but I expressed my feelings pretty vaguely to my boyfriend. I think I said something like ""hey, I think I'm done for the night."" (It was a long time ago so I don't exactly remember.) My boyfriend said ""oh, okay"" but kept going. I was a bit confused and kind of shocked/upset when he kept moving, but I didn't really know what to say. In the moment, I thought it was obvious that I meant I didn't want to have sex anymore. In hindsight, I see how it might not have been clear. 

&nbsp;

I brought this up with a friend a while later, after we had broken up. She was shocked and said it was definitely sexual assault. I've never been sure and haven't really thought about it until now - I'm collaborating on an art piece that has to do with sexuality, and I thought of this. Now it's kind of bugging me because I don't know how I define this incident, but at the same time, I feel like it has a place in this particular art piece. I guess I figured a good place to start would be whether this incident could legally be defined as sexual assault. I'm also open to hearing any general opinions, suggestions, interpretations on what happened. Thanks in advance!","Original Post:
Author: navigatory
Title: Does this count as sexual assault?
Body: Hey all, this is my first post so apologies in advance if I'm breaking any rules or doing anything incorrectly. Just let me know and I will try to fix it!

&nbsp;

About two years ago, I had sex for the first time with my boyfriend (we have since broken up). I'm a very small person and getting started was really difficult and painful, but I figured that was normal for a virgin and my body type (to give some perspective - I can only use ""light"" absorbency tampons because larger sizes cause me enough going in and out that I would rather change smaller tampons every hour). Anyways, after a while, the sex didn't get any better - it was still painful and generally unenjoyable. I wanted to stop, but I expressed my feelings pretty vaguely to my boyfriend. I think I said something like ""hey, I think I'm done for the night."" (It was a long time ago so I don't exactly remember.) My boyfriend said ""oh, okay"" but kept going. I was a bit confused and kind of shocked/upset when he kept moving, but I didn't really know what to say. In the moment, I thought it was obvious that I meant I didn't want to have sex anymore. In hindsight, I see how it might not have been clear. 

&nbsp;

I brought this up with a friend a while later, after we had broken up. She was shocked and said it was definitely sexual assault. I've never been sure and haven't really thought about it until now - I'm collaborating on an art piece that has to do with sexuality, and I thought of this. Now it's kind of bugging me because I don't know how I define this incident, but at the same time, I feel like it has a place in this particular art piece. I guess I figured a good place to start would be whether this incident could legally be defined as sexual assault. I'm also open to hearing any general opinions, suggestions, interpretations on what happened. Thanks in advance!

---
Conversation History:
Comment (depth 0):
Author: FFXIV_Machinist
Content: if you had said to me ""im done"" that translates to ""i orgasamed, so you can finish up now and quit clenching to keep it in"" 

now had you said ""stop"" or ""or get off"" or anything that asserted your desire to stop, i'd have (admittedly probably begrudgingly), stopped. 

Comment (depth 1):
Author: navigatory
Content: Yeah, in the moment, I thought it was obvious that I wasn't enjoying myself (I was just lying there pretty still trying to handle the pain, didn't say anything other than that + ""ow"" in the beginning). Afterwards, I realized that what I said could probably be interpreted as ""I'm done, I orgasmed"" and I should have said something less ambiguous like ""stop"".

Comment (depth 2):
Author: 1BigUniverse
Content: ok.",Group interactions,No,No,No,No,No,No,Yes