post_id,subreddit,title,author,score,num_comments_listed,op_replied,op_reply_count,created_utc,permalink,body,combined_text,bin01_comment,bin02_comment,bin03_comment,bin04_comment,bin05_comment,bin06_comment,bin07_comment,bin08_comment,bin09_comment,bin10_comment,Human_Ranking,LLM_Ranking,LLM_Ranking_2,LLM_Ranking_Error,LLM_Ranking_Valid,rank_a,rank_b,k_a,k_b,kendall_tau,spearman_rho
1o7bk17,sexualassault,Is it considered sexual assault or rape if it was my boyfriend who did it?,[deleted],17,16,True,1,1760536245,/r/sexualassault/comments/1o7bk17/is_it_considered_sexual_assault_or_rape_if_it_was/,My boyfriend and I were having sex and i don’t like anal. I told him that it’s painful and that I don’t like it. I was tied up when he penetrated my asshole. I’m not sure if this is considered rape or not. I told him I was literally shaking my head and saying no but he said he didn’t realise. Is this still considered rape?,1o7bk17 sexualassault Is it considered sexual assault or rape if it was my boyfriend who did it? [deleted] /r/sexualassault/comments/1o7bk17/is_it_considered_sexual_assault_or_rape_if_it_was/ My boyfriend and I were having sex and i don’t like anal. I told him that it’s painful and that I don’t like it. I was tied up when he penetrated my asshole. I’m not sure if this is considered rape or not. I told him I was literally shaking my head and saying no but he said he didn’t realise. Is this still considered rape?,Yes. Leave him and call the police ,"You could be married and it's still considered rape. It doesn't matter your relationship status. If you say NO/do not give an *enthusiastic* YES and they continue, it's rape.",1000% rape. Their relationship with you doesn’t matter. I’m so sorry that happened to you,yes that is 100% rape. he penetrated you where you specifically told him not to,It doesn't matter who is it. Even your husband can't do anything to you that you don't want. Its rape.,,,,,,"5,4,3,2,1","2,3,4,5,1","2,3,4,5,1",,True,"[2, 3, 4, 5, 1]","[2, 3, 4, 5, 1]",5,5,0.9999999999999999,0.9999999999999999
1gnn6ys,sexualassault,My ex boyfriend forced me to have sex is that sexual assault?,throwawayyyonly4me,1,1,False,0,1731195488,/r/sexualassault/comments/1gnn6ys/my_ex_boyfriend_forced_me_to_have_sex_is_that/,"My ex boyfriend trapped me at his house, took my phone, threatened me and wouldn’t let me leave until I had sex with him. 

I fucked up and this is all my fault. I agreed to meet up with him, we’re having a really bad break. I only agreed to meet him because he said he would leave me alone forever if I did. 

I only did it because I was scared but I didn’t want to. Is this sexual assault? I feel violated but it’s my own fault for agreeing to meet up with him. I’m so stupid. I want to die. I feel so gross. ","1gnn6ys sexualassault My ex boyfriend forced me to have sex is that sexual assault? throwawayyyonly4me /r/sexualassault/comments/1gnn6ys/my_ex_boyfriend_forced_me_to_have_sex_is_that/ My ex boyfriend trapped me at his house, took my phone, threatened me and wouldn’t let me leave until I had sex with him. 

I fucked up and this is all my fault. I agreed to meet up with him, we’re having a really bad break. I only agreed to meet him because he said he would leave me alone forever if I did. 

I only did it because I was scared but I didn’t want to. Is this sexual assault? I feel violated but it’s my own fault for agreeing to meet up with him. I’m so stupid. I want to die. I feel so gross. ",[deleted],It’s raped. Be kind to yourself and as others have said think about how you would talk to a friend who told you this.,Almost the exact same thing happened to me and my ex was charged with two felonies for false imprisonment and domestic violence,Choosing to be in a room with someone doesn't entitle them to your body. Not your fault.  He sexually assaulted you.  When he prevented you from leaving he may have broken  another law depending on where you live.,"No, sis its even worse, its called Rape.  I would advise you to call your local authorities, as you were coerced into sexual intercourse.",,,,,,"5,4,3,2,1","4,2,5,3,1","4,2,5,3,1",,True,"[4, 2, 5, 3, 1]","[4, 2, 5, 3, 1]",5,5,0.9999999999999999,0.9999999999999999
1gi7ufd,sexualassault,My bf touched my inappropriately in my sleep,jbbg11000,1,1,True,3,1730585500,/r/sexualassault/comments/1gi7ufd/my_bf_touched_my_inappropriately_in_my_sleep/,"Last night I woke up to my bf putting my hand on his erect genitals. I was shocked, but didn’t open my eyes because I wanted to see how far he’d go. When he realized that my hand is limp (from sleeping) he gave up and decided to fondle my breasts, lift my shirt and put his hand in my pyjama pants, and tried to touch me inappropriately. That’s when I pretended to finally wake up and asked him angrily what the heck he’s doing. He was surprised, and said that he just touched me once (as if that justified it). He got up, and was upset with me. He said that my reaction implied that he’s a pervert, when he’s actually not. He said that I was sweating a lot in my sleep, so he thought I had a fever and he was checking my body? Idk. Didn’t make much sense to me. But I didn’t wanna say much further because I did actually wake up earlier, but pretended to be asleep to see what he’d do. So it’s kind of my fault, that it happened. But would this be considered sexual assault? I don’t think he’s a pervert like he said, but it definitely made me feel kinda violated. ","1gi7ufd sexualassault My bf touched my inappropriately in my sleep jbbg11000 /r/sexualassault/comments/1gi7ufd/my_bf_touched_my_inappropriately_in_my_sleep/ Last night I woke up to my bf putting my hand on his erect genitals. I was shocked, but didn’t open my eyes because I wanted to see how far he’d go. When he realized that my hand is limp (from sleeping) he gave up and decided to fondle my breasts, lift my shirt and put his hand in my pyjama pants, and tried to touch me inappropriately. That’s when I pretended to finally wake up and asked him angrily what the heck he’s doing. He was surprised, and said that he just touched me once (as if that justified it). He got up, and was upset with me. He said that my reaction implied that he’s a pervert, when he’s actually not. He said that I was sweating a lot in my sleep, so he thought I had a fever and he was checking my body? Idk. Didn’t make much sense to me. But I didn’t wanna say much further because I did actually wake up earlier, but pretended to be asleep to see what he’d do. So it’s kind of my fault, that it happened. But would this be considered sexual assault? I don’t think he’s a pervert like he said, but it definitely made me feel kinda violated. ",[removed],Crazy world we live in,Don’t let him gaslight you. 🚩 predatory,"Dude wtf. That is not how you check a temperature, his stupid for even trying to make a cover up story. Yes, this is sexual assault. I’m really sorry this happened to you. x",He is a pervert. No implication needed. He’s also not safe for you. He got mad at you??? Fuck him.,,,,,,"5,4,3,2,1","4,3,5,2,1","4,3,5,2,1",,True,"[4, 3, 5, 2, 1]","[4, 3, 5, 2, 1]",5,5,0.9999999999999999,0.9999999999999999
13y2y2r,sexualassault,I think my friend masturbated at my sleepover. What do I do?,deer-eyes,1,32,False,0,1685680116,/r/sexualassault/comments/13y2y2r/i_think_my_friend_masturbated_at_my_sleepover/,"My friends (f18) and (nb afab 18), and I (f18) went to a party and we had quite a bit to drink. We all came home to my house afterwards and watched movies and slept in my living room together. I and the nb18 friend slept on either side of an L shaped couch and the f18 friend on a futon in the middle. I woke up around 5 am to what sounded like squelching noises and some heavy breathing coming from the nb18 friend. They were also shifting around a lot under the blanket. I think I may have also heard the sound of a vibrator? - but this I'm not totally sure because the heating system was sort of loud and I had just woken up and was hungover. These sounds went off and on for maybe an hour and a half. I tried audio recording on my phone to make sure I wasn't hallucinating but I don't think I got any viable sound on the recording. I also don't think the friend knows that I heard all this going on.

Although I'm not totally sure what happened, I feel really gross and pretty violated. I lent that friend my pj shorts and I feel like just throwing them away along with the bedding they slept on. I haven't been able to stop thinking about it all day. I've been friends with them for almost 4 years so I just feel so uncomfortable. Is this sexual assault? How do I even begin handling and processing this?

I think the f18 friend slept through all of this. Do I tell her? We've all been very close friends and I'm scared of falsely accusing or messing something up.

Also, do I tell my parents since this all happened at their house? I'm terrified of telling them.

TL;DR: Do you think the nb18 friend was masturbating or did I hear something else? Is this sexual assault? Do I confront them? How do I confront them? Do I tell the other friend? How do I handle this?","13y2y2r sexualassault I think my friend masturbated at my sleepover. What do I do? deer-eyes /r/sexualassault/comments/13y2y2r/i_think_my_friend_masturbated_at_my_sleepover/ My friends (f18) and (nb afab 18), and I (f18) went to a party and we had quite a bit to drink. We all came home to my house afterwards and watched movies and slept in my living room together. I and the nb18 friend slept on either side of an L shaped couch and the f18 friend on a futon in the middle. I woke up around 5 am to what sounded like squelching noises and some heavy breathing coming from the nb18 friend. They were also shifting around a lot under the blanket. I think I may have also heard the sound of a vibrator? - but this I'm not totally sure because the heating system was sort of loud and I had just woken up and was hungover. These sounds went off and on for maybe an hour and a half. I tried audio recording on my phone to make sure I wasn't hallucinating but I don't think I got any viable sound on the recording. I also don't think the friend knows that I heard all this going on.

Although I'm not totally sure what happened, I feel really gross and pretty violated. I lent that friend my pj shorts and I feel like just throwing them away along with the bedding they slept on. I haven't been able to stop thinking about it all day. I've been friends with them for almost 4 years so I just feel so uncomfortable. Is this sexual assault? How do I even begin handling and processing this?

I think the f18 friend slept through all of this. Do I tell her? We've all been very close friends and I'm scared of falsely accusing or messing something up.

Also, do I tell my parents since this all happened at their house? I'm terrified of telling them.

TL;DR: Do you think the nb18 friend was masturbating or did I hear something else? Is this sexual assault? Do I confront them? How do I confront them? Do I tell the other friend? How do I handle this?",[deleted],[deleted],"You have absolutely every right to feel uncomfortable, but recording it and wanting to tell your parents is kind of messed up. It was wrong, they could’ve went to the closet or bathroom— but don’t tell anyone besides them. Talk to THEM. Communicate with them and tell them what they did made you uncomfortable.  I was in your shoes before, and we hav...",Are you sure you are 18 and not 12 or smth? Wile I believe what your friend did was surely wrong because they put you in a situation but you might be reacting too strongly.,"Masturbation is natural, and altho it was a little wrong to do it where they did it was even more wrong for you to try to record it. Communication is they key to a good relationship even friends, and I know it would have been emberising especially for them, if it made you uncomfortable you should have asked them to stop or to do that in private",[removed],,,,,"6,5,4,3,2,1","3,5,4,1,2,6","3,5,4,1,2,6",,True,"[3, 5, 4, 1, 2, 6]","[3, 5, 4, 1, 2, 6]",6,6,0.9999999999999999,1.0
o0j4ce,sexualassault,"I'm not sure if I was raped; I enjoyed it, he's my friend.",Various-Committee-11,22,31,True,9,1623776489,/r/sexualassault/comments/o0j4ce/im_not_sure_if_i_was_raped_i_enjoyed_it_hes_my/,"TRIGGER WARNING: Descriptive content.

Hi - here's the short story (I'm really confused):

I recently reconnected (as friends) with a guy I used to have sexual relations with (friends with benefits situation). I went over to his house last night. We were in bed, ready to fall asleep. We started cuddling and making out - which I liked. I had a shirt and a thong on, he went to pull the thong off when I grabbed his hands and said ""No, leave those on. I don't think we're going to have sex tonight. I'm not on birth control anymore."" He said okay, and left them half off. (We had not had sex since our FWB situation ended months ago). We continued to make out, he pulled his boxers partly down, which I thought was just for sensation reasons. He leaned back over top of me, we continued kissing, it was hot, and then suddenly he stuck his dick in me - fast, without asking. I was shocked, if the lights were on, that shock would have been clearly evident on my face. For a moment, I remember thinking in my head ""what the fuck just happened"", as we were still making out and he continued to fuck me. I was already turned on, and I still was aroused, so I went with it. I didn't say anything. He still did not ask. We continued to have rough sex, which I really enjoyed and actively participated in.

My question is, is this rape? I enjoyed it. But I didn't consent. I didn't want to have sex, but at the same time, I was sexually aroused and wanted him - even though I didn't, which is why I didn't consent. But then I just continued on and decided to have sex and go with my feelings of arousal because the decision to have sex was already made for me.

He's a good person, and I'm not saying any of this to paint a bad image of him. I'm just really confused, and I'm not even sure if I should talk to him about this, or (if I do) how I should go about doing so.

Thanks in advance for reading this, and offering your opinions everyone. &lt;3","o0j4ce sexualassault I'm not sure if I was raped; I enjoyed it, he's my friend. Various-Committee-11 /r/sexualassault/comments/o0j4ce/im_not_sure_if_i_was_raped_i_enjoyed_it_hes_my/ TRIGGER WARNING: Descriptive content.

Hi - here's the short story (I'm really confused):

I recently reconnected (as friends) with a guy I used to have sexual relations with (friends with benefits situation). I went over to his house last night. We were in bed, ready to fall asleep. We started cuddling and making out - which I liked. I had a shirt and a thong on, he went to pull the thong off when I grabbed his hands and said ""No, leave those on. I don't think we're going to have sex tonight. I'm not on birth control anymore."" He said okay, and left them half off. (We had not had sex since our FWB situation ended months ago). We continued to make out, he pulled his boxers partly down, which I thought was just for sensation reasons. He leaned back over top of me, we continued kissing, it was hot, and then suddenly he stuck his dick in me - fast, without asking. I was shocked, if the lights were on, that shock would have been clearly evident on my face. For a moment, I remember thinking in my head ""what the fuck just happened"", as we were still making out and he continued to fuck me. I was already turned on, and I still was aroused, so I went with it. I didn't say anything. He still did not ask. We continued to have rough sex, which I really enjoyed and actively participated in.

My question is, is this rape? I enjoyed it. But I didn't consent. I didn't want to have sex, but at the same time, I was sexually aroused and wanted him - even though I didn't, which is why I didn't consent. But then I just continued on and decided to have sex and go with my feelings of arousal because the decision to have sex was already made for me.

He's a good person, and I'm not saying any of this to paint a bad image of him. I'm just really confused, and I'm not even sure if I should talk to him about this, or (if I do) how I should go about doing so.

Thanks in advance for reading this, and offering your opinions everyone. &lt;3","Yes it was because you had already said no but on the other hand you did continue. It's partially to blame on you but most of it is on him. Just because you're still aroused doesn't mean that it wasn't consensual, that's our bodies way of acting. Even with us guys we still get aroused even with being sexually assaulted, it's natural for our bodies...","This is why it is so important for you to figure out how *you* feel about it and thus what *you* want to call it.   ""I don't think we're going to have sex tonight"" requires some interpretation. Depending on the intonation it could be interpreted as ""I haven't made up my mind yet"". It's not a clear cut no. I'm not saying you did anything wrong, just...","You are asking us the readers is this is rape   I would say no, it is not Whilst you did not object or refuse and some may use the ""froze"" excuse, I have liturally just read a story in here in which a poor girl was beaten, humiliated and wape up to being raped by her attackers and requiring hospital treatment and having had to move cities  I have c...","If you think this is her fault in any way then you seriously need a crash course in consent, boundaries, and appropriateness.   OP, while I'm male I can understand the part about feeling conflicted because it felt good. My story is different (I was molested by a cousin when I was 10) but I had those same thoughts about why I enjoyed the attention....","No means no doesn't matter if you ""enjoyed it"", it's a natural bodily response when stimulation happens. Even if he's your ""friend"", imagine what he does to women who aren't his ""friend"", his true colors are showing sadly.",he totally violated your boundaries.   at least communicate that with him (in a non sexual setting) so he understands.,,,,,"6,5,4,3,2,1","6,4,5,1,2,3","6,4,5,1,2,3",,True,"[6, 4, 5, 1, 2, 3]","[6, 4, 5, 1, 2, 3]",6,6,0.9999999999999999,1.0
1nid1rf,rape,I've been raped by more woman then men and I think there are more female rapists then society lets on,[deleted],114,42,True,11,1758016040,/r/rape/comments/1nid1rf/ive_been_raped_by_more_woman_then_men_and_i_think/,"I have memories of getting forced to give a woman cunnilingus when I was a toddler, and in elementary I was assulted multiple times by a female classmate. 

Last year I had sex with a girl while wasted and she was sober, I didn't consent to it and just lay there coldly and I don't know if that was actually rape but I didn't want it and i didn't consent either. That didn't traumatize and I don't care about it because I was into her, but I didn't like the sex.

And recently I got raped by a guy, and that did traumatize me a lot because he was inside me and shit. And coz it's the most recent and I've been rumanating about it.

And I was traumatized from that girl assulting me in elementary, but I got over it (I wasn't attracted to her and she pissed me off) 

I just think there are more female rapists then society lets on, coz looking at the gender rapist stats is strange because how are there barely any female rapists compared to male ones yet I've been raped by 3 females in my 17 years of life 

Thanks for listening to me ramble about shit 
","1nid1rf rape I've been raped by more woman then men and I think there are more female rapists then society lets on [deleted] /r/rape/comments/1nid1rf/ive_been_raped_by_more_woman_then_men_and_i_think/ I have memories of getting forced to give a woman cunnilingus when I was a toddler, and in elementary I was assulted multiple times by a female classmate. 

Last year I had sex with a girl while wasted and she was sober, I didn't consent to it and just lay there coldly and I don't know if that was actually rape but I didn't want it and i didn't consent either. That didn't traumatize and I don't care about it because I was into her, but I didn't like the sex.

And recently I got raped by a guy, and that did traumatize me a lot because he was inside me and shit. And coz it's the most recent and I've been rumanating about it.

And I was traumatized from that girl assulting me in elementary, but I got over it (I wasn't attracted to her and she pissed me off) 

I just think there are more female rapists then society lets on, coz looking at the gender rapist stats is strange because how are there barely any female rapists compared to male ones yet I've been raped by 3 females in my 17 years of life 

Thanks for listening to me ramble about shit 
",All I know is that only men message me idk if that means anything. Like what would a woman even say? Almost curious :/,[removed],"Honestly, the felling that I will never get justice because of how society views female predadors is crushing   Both my parents where eager to brush It under the rug as soon It was convinient because ""of course a woman would never rape a man, you should forgive her"" or ""What are we supposed to do? Kill her?"" My aunt said that I should get it over w...","Hi!! First of all, i’m really sorry to hear about your experiences. I’m also a rape victim and ik how horrible it feels :/ I truly hope you can find peace and recover, there’s lots of resources out there to help you. About what you mentioned, female rapists definitely do exist but there are still more male ones and that’s not including the amount o...","Honestly i think victims (especially male) of female perpetrators are much less likely to talk about or even realize what has happened to them. Which definitely makes female stats seem lower.    Also it’s confusing as fck. Especially if you’re a woman and it’s a close friend. When a man we knew assaulted me I was able to tell my friends, but when a...",,,,,,"5,4,3,2,1","4,5,3,1,2","4,5,3,1,2",,True,"[4, 5, 3, 1, 2]","[4, 5, 3, 1, 2]",5,5,0.9999999999999999,0.9999999999999999
zndu4h,rape,Is this sexual assault,Thick-Nobody9601,15,26,False,0,1671194696,/r/rape/comments/zndu4h/is_this_sexual_assault/,"I agreed to do anal sex with my partner, it hurt to much and I told him to stop and he said no and kept going
Is this assault as I agreed to do it in the first place","zndu4h rape Is this sexual assault Thick-Nobody9601 /r/rape/comments/zndu4h/is_this_sexual_assault/ I agreed to do anal sex with my partner, it hurt to much and I told him to stop and he said no and kept going
Is this assault as I agreed to do it in the first place",Yes 🥹,"Yes, unfortunely it is, consent can be taken away at any time, and he should have listened to that!",Yeh 100%  What sort person wants to keep doing something that isn't causing enjoyment for the other?,"No means no whenever you said it, for him to say "" No "" and continue shows his lack of empathy towards you. He would have known it was unpleasant but yet continued sadly not boyfriend material I'm afraid  I would report it, who knows how far he may go next time if not to you maybe another.  Sorry you experienced this I hope you have friends and fam...",[removed],"i’m sorry he did that to you. yes that’s rape. it doesn’t matter that you agreed at first. you said to stop and that’s enough, he should have listened.",,,,,"6,5,4,3,2,1","6,2,4,3,1,5","6,2,4,3,1,5",,True,"[6, 2, 4, 3, 1, 5]","[6, 2, 4, 3, 1, 5]",6,6,0.9999999999999999,1.0
